Atomic number,Element name,CSR (string),CSR (lower n),a,b
5,B,++/+,1,51.54,0.2417
6,C (graphite),++/+,1,48.48,0.2384
12,Mg,++/+,1,19.75,0.2045
13,Al,++/+,1,29.99,0.2196
13,Al,+++/++,2,48.36,0.1939
14,Si,++/+,1,23,0.2094
14,Si,+++/++,2,65.71,0.2049
14,Si,++++/+++,3,92.78,0.1893
19,K,++/+,1,78.87,0.2599
20,Ca,++/+,1,12.68,0.1889
21,Sc,++/+,1,14.57,0.1933
21,Sc,+++/++,2,37.24,0.1850
22,Ti,++/+,1,16.24,0.1968
22,Ti,+++/++,2,45.33,0.1916
22,Ti,++++/+++,3,85.58,0.1841
23,V,++/+,1,18.68,0.2015
23,V,+++/++,2,51.08,0.1956
23,V,++++/+++,3,98.78,0.1889
24,Cr,++/+,1,23.34,0.2098
24,Cr,+++/++,2,56.59,0.1991
24,Cr,++++/+++,3,108.9,0.1933
25,Mn,++/+,1,21.01,0.2046
25,Mn,+++/++,2,65.84,0.2035
26,Fe,++/+,1,22.54,0.2080
26,Fe,+++/++,2,55.42,0.1980
27,Co,++/+,1,24.85,0.2112
27,Co,+++/++,2,65.41,0.2038
28,Ni,++/+,1,28.52,0.2209
28,Ni,+++/++,2,73.31,0.2123
29,Cu,++/+,1,34.17,0.2229
29,Cu,+++/++,2,78.01,0.2099
30,Zn,++/+,1,27.21,0.2140
30,Zn,+++/++,2,89.73,0.2150
31,Ga,++/+,1,34.77,0.2228
31,Ga,+++/++,2,55.67,0.1971
32,Ge,++/+,1,21.68,0.2051
32,Ge,+++/++,2,67.06,0.2036
32,Ge,++++/+++,3,94.12,0.1886
33,As,++/+,1,28.88,0.2153
33,As,+++/++,2,47.45,0.1910
34,Se,++/+,1,36.79,0.2241
34,Se,+++/++,2,58.46,0.1981
34,Se,++++/+++,3,83.33,0.1819
37,Rb,++/+,1,59.42,0.2455
37,Rb,+++/++,2,88.28,0.2168
38,Sr,++/+,1,10.94,0.1823
39,Y,++/+,1,13.26,0.1886
39,Y,+++/++,2,25.9,0.1715
40,Zr,++/+,1,15.17,0.1933
40,Zr,+++/++,2,32.62,0.1793
40,Zr,++++/+++,3,55.09,0.1684
41,Nb,++/+,1,17.85,0.1992
41,Nb,+++/++,2,37.76,0.1841
41,Nb,++++/+++,3,65.21,0.1739
42,Mo,++/+,1,22.37,0.2071
42,Mo,+++/++,2,43.91,0.1893
42,Mo,++++/+++,3,74.4,0.1782
44,Ru,++/+,1,23.91,0.2092
44,Ru,+++/++,2,48.03,0.1922
44,Ru,++++/+++,3,91.46,0.1851
45,Rh,++/+,1,27.53,0.2143
45,Rh,+++/++,2,56.56,0.1979
45,Rh,++++/+++,3,80.27,0.1817
46,Pd,++/+,1,31.45,0.2190
46,Pd,+++/++,2,63.07,0.2016
46,Pd,++++/+++,3,95.21,0.1863
47,Ag,++/+,1,37.89,0.2261
47,Ag,+++/++,2,69.93,0.2053
47,Ag,++++/+++,3,107.4,0.1915
48,Cd,++/+,1,24.24,0.2091
48,Cd,+++/++,2,80.21,0.2102
48,Cd,++++/+++,3,115.6,0.1943
49,In,++/+,1,29.72,0.2166
49,In,+++/++,2,46.52,0.1904
49,In,++++/+++,3,136.5,0.2038
50,Sn,++/+,1,18.46,0.1990
50,Sn,+++/++,2,54.46,0.1958
50,Sn,++++/+++,3,75.58,0.1810
51,Sb,++/+,1,23.43,0.2074
51,Sb,+++/++,2,38.3,0.1834
51,Sb,++++/+++,3,86.49,0.1823
52,Te,++/+,1,28.83,0.2146
52,Te,+++/++,2,45.75,0.1894
52,Te,++++/+++,3,64.11,0.1733
55,Cs,++/+,1,43.76,0.2328
55,Cs,+++/++,2,64.34,0.2042
56,Ba,++/+,1,9.067,0.1755
56,Ba,+++/++,2,74.19,0.2083
57,La,++/+,1,11.19,0.1824
57,La,+++/++,2,22.73,0.1669
58,Ce,++/+,1,10.76,0.1812
58,Ce,+++/++,2,25.08,0.1701
58,Ce,++++/+++,3,62.82,0.1725
60,Nd,++/+,1,10.44,0.1802
60,Nd,+++/++,2,29.72,0.1757
60,Nd,++++/+++,3,75.27,0.1784
62,Sm,++/+,1,10.97,0.1817
62,Sm,+++/++,2,33.52,0.1796
62,Sm,++++/+++,3,78.88,0.1798
63,Eu,++/+,1,11.28,0.1825
63,Eu,+++/++,2,37.07,0.1829
63,Eu,++++/+++,3,83.6,0.1818
64,Gd,++/+,1,12.9,0.1867
64,Gd,+++/++,2,25.82,0.1706
64,Gd,++++/+++,3,89.13,0.1838
65,Tb,++/+,1,11.78,0.1838
65,Tb,+++/++,2,28.96,0.1743
65,Tb,++++/+++,3,70.68,0.1759
71,Lu,++/+,1,17.28,0.1966
71,Lu,+++/++,2,26.76,0.1713
71,Lu,++++/+++,3,91.97,0.1844
72,Hf,++/+,1,18.38,0.1985
72,Hf,+++/++,2,30.74,0.1758
72,Hf,++++/+++,3,51.56,0.1652
73,Ta,++/+,1,22.3,0.2054
73,Ta,+++/++,2,32.17,0.1777
73,Ta,++++/+++,3,56.44,0.1680
74,W,++/+,1,22.72,0.2061
74,W,+++/++,2,40.21,0.1849
74,W,++++/+++,3,66.63,0.1733
75,Re,++/+,1,23.31,0.2068
75,Re,+++/++,2,43.16,0.1873
75,Re,++++/+++,3,69.62,0.1747
76,Os,++/+,1,24.36,0.2083
76,Os,+++/++,2,37.3,0.1821
76,Os,++++/+++,3,76.13,0.1776
77,Ir,++/+,1,24.35,0.2082
77,Ir,+++/++,2,46.19,0.1894
77,Ir,++++/+++,3,72.63,0.1760
78,Pt,++/+,1,28.66,0.2141
78,Pt,+++/++,2,49.33,0.1917
78,Pt,++++/+++,3,83.27,0.1805
79,Au,++/+,1,33.55,0.2199
79,Au,+++/++,2,52.56,0.1938
79,Au,++++/+++,3,90.73,0.1834
80,Hg,++/+,1,29.21,0.2147
80,Hg,+++/++,2,68.25,0.2030
80,Hg,++++/+++,3,104.8,0.1889
81,Tl,++/+,1,34.21,0.2205
81,Tl,+++/++,2,52.02,0.1933
81,Tl,++++/+++,3,115.1,0.1899
82,Pb,++/+,1,19.31,0.1996
82,Pb,+++/++,2,59.03,0.1977
82,Pb,++++/+++,3,81,0.1851
83,Bi,++/+,1,23.51,0.2065
83,Bi,+++/++,2,38.83,0.1831
83,Bi,++++/+++,3,92.05,0.1840
90,Th,++/+,1,12.92,0.1866
90,Th,+++/++,2,20.73,0.1632
90,Th,++++/+++,3,38.57,0.1561
92,U,++/+,1,11.92,0.1838
92,U,+++/++,2,24.02,0.1679
92,U,++++/+++,3,61.83,0.1711
